Godly,,,,,1,,s
Godly,,,,,1,,s
Godly,,,,,1,,s
Godly,,,,,1,,s
Godly,,,,,1,,s
Godly,Ancient of Days,wk/wk/nu/nu,,,1,,s
Godly,,,,,2,4,m
Chaos,Sanat,nu/wk/rs/rs/rs/rs/nu/nu,,,1,,s
Godly,,,,,2,4,m
Godly,,,,,2,4,m
Herald,Michael,rp/wk/nu//nu/rs,,,1,,s
Herald,Seraph,rs/rs/dr/wk///nu/rs,,,1,,a
Herald,Gabriel,rp/wk/nu/nu/rs,,,1,,s
Herald,Metatron,rs/rs/rs/rs/rs/nu/rs,,,1,,s
Herald,Raphael,wk/nu//rp/nu/rs,,,1,,s
Herald,Mastema,rp/wk/rp/wk/rp/nu/rs,,,1,,s
Herald,Aniel,nu/wk/nu/rs,,,1,,s
Herald,Sraosha,rs/rs/wk/nu/rs,,,1,,s
Herald,Uriel,nu//rp/wk/nu/rs,,,1,,s
Herald,Azreal,rs//rs/wk///nu/nu,,,1,,s
Herald,Kazfiel,wk/nu/wk/nu/nu/rs,,,1,,s
Herald,,,,,1,,s
Herald,Israfel,//wk/nu//rs/nu/,,,1,,s
Herald,Victor,/rp///wk//nu/,Sleep:Null,,1,,s
Herald,Lailah,////wk//nu/,,,1,,s
Herald,(Isabeau),,,,1,,s
Herald,,,,,1,,s
Herald,,,,,1,,s
Herald,,,,,1,,s
Herald,,,,,1,,s
Megami,Lakshmi,////wk//nu/,,,1,,s
Megami,Norn,//////nu/nu,,,1,,s
Megami,Anat,rs///wk///rs/,,,1,,s
Megami,Tlazolteotl,dr///rs/nu,Poison:Null,,1,,s
Megami,Pallas Athena,rp/rp/////nu/wk,,,1,,s
Megami,Ishtar,dr//nu/wk,,,1,,s
Megami,Scathach,/nu///wk/nu/nu/,,,1,,s
Megami,,,,,1,,s
Megami,Parvati,wk/dr///nu/nu,,,1,,s
Megami,Fortuna,/////dr/,,,1,,s
Megami,Hathor,////wk/rs/rs/,,,1,,s
Megami,Brigid,//dr/wk/,,,1,,s
Megami,Izanami,wk/nu////nu,,,1,,s
Megami,,,,,1,,s
Megami,,,,,1,,s
Megami,,,,,1,,s
Avian,Garuda,/wk/rp/wk//nu/rs/,,,1,,s
Avian,Yatagarasu,/wk/dr/wk///nu/,,,1,,s
Avian,Feng Huang,wk/nu/wk///nu/rs,,,1,,s
Avian,Thunderbird,/wk///rp/,,,1,,s
Avian,Vidofnir,/wk/////nu/,,,2,,s
Avian,Phoenix,//dr/wk///rs/,,,1,,s
Avian,Suparna,nu//rs/wk,Bind:Resist,,1,,s
Avian,Hamsa,/wk//rs/,,,2,,s
Avian,,,,,1,,a
Avian,,,,,1,,a
Avian,,,,,1,,a
Avian,,,,,1,,a
Avian,,,,,1,,a
Tree,Yggdrasil,/nu/wk/,,,2,,s
Tree,Haoma,rs/wk////nu/nu,,,1,,s
Tree,Kukunochi,dr/wk////rs/rs,,,1,,s
Tree,Mayahuel,/nu/wk/,,,1,,s
Tree,Narcissus,//wk///dr/,Panic:Resist,,1,,s
Tree,Daphne,//wk/,Bind:Null Panic:Resist,,1,,s
Tree,,,,,1,,a
Tree,,,,,1,,a
Tree,,,,,1,,s
Tree,,,,,1,,s
Tree,,,,,1,,s
Divine,Cherub,/rs///wk/rp/nu/,,,1,,s
Divine,Throne,nu/wk///nu/wk,,,1,,s
Divine,Dominion,rs/wk/nu/wk,,,1,,s
Divine,Virtue,wk/nu/nu/wk,,,1,,s
Divine,Power,wk/nu/wk,,,1,,s
Divine,Principality,wk/////nu/wk,,,1,,s
Divine,Archangel,nu/wk,,,1,,s
Divine,Angel (blue),nu/wk,Bind:Resist,,1,,s
Divine,,,,,1,,s
Divine,,,,,1,,s
Divine,,,,,1,,s
Divine,,,,,1,,s
Divine,,,,,1,,s
Divine,,,,,1,,s
Flight,Da Peng,/wk////dr/,,,1,,s
Flight,Rukh,/rp/wk///rs//rs,,,1,,s
Flight,,,,Gun,1,,s
Flight,,,,Gun,1,,s
Flight,Tuofei,/wk///rp/,Bind:Resist,,1,,s
Flight,Caladrius,wk/////nu/wk,Sick:Resist,,2,,s
Flight,Gu Huo Niao,/rp//wk//rs/,Sleep:Null,,1,,s
Flight,Harpy,/wk///wk/rp/,Bind:Resist,,1,,s
Flight,Tangata Manu,/wk///wk/nu,Sleep:Null,,1,,s
Flight,,,,,1,,s
Flight,,,,,1,,s
Flight,,,,,1,,s
Flight,,,,,1,,s
Flight,,,,,1,,s
Yoma,Ganesha,rs////wk/nu/nu/,,,1,2,s
Yoma,Master Therion,nu/nu///wk/nu,,,1,,s
Yoma,Xiuhtecuhtli,nu/dr/wk////nu,,,1,,s
Yoma,Valkyrie,rs////wk//rs/rs,,,2,,s
Yoma,Shiwanna,rs//wk/dr/,Panic:Resist,,1,,s
Yoma,Dis,/wk//dr,Sleep:Null,,1,,s
Yoma,Karasu Tengu,//rp/wk/wk//nu/,,,1,,s
Yoma,Koppa Tengu,////wk/nu/,,,1,,s
Yoma,Agathion,/wk/dr/wk/,,,1,,s
Yoma,Vodyanik,////nu/wk/,,,1,,s
Yoma,Centaur,/rs//nu/wk/,Poison:Weak,,1,,s
Yoma,,rs,,,1,,s
Yoma,,,,,1,,s
Yoma,,,,,1,,s
Yoma,,,,,1,,s
Nymph,Peri,//dr/dr///nu/,,,1,,s
Nymph,Sarasvati,//wk/rp///nu,,,1,,s
Nymph,,,,,1,,s
Nymph,Senri,wk/dr//wk,,,1,,s
Nymph,Apsaras,//wk/dr,Poison/Bind:Weak,,1,,s
Nymph,Kikuri-hime,wk/nu/nu/wk,,,1,,s
Nymph,,,,,1,,s
Nymph,,,,,1,,s
Nymph,,,,,1,,s
Nymph,,,,,1,,s
Vile,Demiurge,rs/rs/rs/rs/nu/nu,,,1,,s
Vile,Seth,wk/nu/nu//nu,,,1,,s
Vile,Pales,wk/nu///rs/nu,,,1,,s
Vile,Alciel,wk/wk/nu/nu/nu/nu/wk/nu,,,1,,s
Vile,Taotie,nu/nu/wk/wk/wk/wk//nu,,,1,,s
Vile,Pachacamac,wk/nu//nu,,,1,,s
Vile,,,,,1,,s
Vile,Mishaguji,wk/rp///nu,,,1,,s
Vile,Baphomet,wk/nu,,,1,,s
Vile,Yaso Magatsuhi,wk/rp/nu///nu,,,1,,s
Vile,,rs,,,1,,s
Vile,,,,,1,,s
Vile,,,,,1,,s
Vile,,,,,1,,s
Raptor,Hresvelgr,/wk/wk/nu//rp/,,,1,,s
Raptor,Huoniao,/wk/rp/wk/,,,1,,s
Raptor,Anzu,////dr/wk/nu/,,,1,,s
Raptor,Gurr,rp/wk/nu,Sick:Resist,,1,,s
Raptor,Zhen,rs,Poison/Sick:Null,,2,,s
Raptor,Itsumade,///wk//nu/,,,1,,s
Raptor,Moh Shuvuu,/wk/wk///rs,,,1,,s
Raptor,Camazotz,/wk/,Sick:Null,,1,,s
Raptor,Fuxi,/wk////rs/,Panic:Resist,,1,,s
Raptor,,,,,1,,s
Raptor,,,,,1,,s
Raptor,,,,,1,,s
Raptor,,,,,1,,s
Raptor,,,,,1,,s
Wood,Erlkonig,rp/wk//rs//rs/nu,,,1,,s
Wood,Alraune,/rs/wk,,,1,,s
Wood,Zaccoum,dr//wk//nu,Poison/Sick:Null,,1,3,s
Wood,Skogsra,/nu/wk///rs,,,1,,s
Wood,Mandrake,//wk,Bind:Null,,1,,s
Wood,Shan Xiao,///rs,panic:resist,,1,,s
Wood,,rs,,,1,,s
Wood,,,,,1,,s
Wood,,,,,1,,s
Wood,,,,,1,,s
Wood,,,,,1,,s
Deity,,,,,1,2,s
Deity,Vishnu,nu/rp/////nu/nu,,,1,3,s
Deity,Hachiman,rp//rs/wk/nu/rs,,,1,,s
Deity,Apsu,wk/rp////nu,,,1,,s
Deity,Baal,////dr/rs/rs/,,,1,,s
Deity,Odin,rp///rp/wk/rs/rs,,,1,,s
Deity,Ometeotl,rs/rs///nu/nu,,,1,,s
Deity,Lord Nandou,nu/wk///nu/nu,,,1,,s
Deity,Prometheus,dr/wk///rs/rs,bind:weak,,1,,s
Deity,Inti,//nu/nu/wk/,,,1,,s
Deity,Thoth,wk/nu/nu////wk,,,1,,s
Deity,,,,,1,,s
Deity,Mahamayuri,wk/rp/nu/rs,,,1,,s
Deity,Osiris,rs///////nu,,,1,,s
Deity,,,,,1,,s
Deity,,,,,1,,s
Deity,,,,,1,,s
Amatsu,Amaterasu,rp//wk//nu/nu,,,1,,s
Amatsu,Take-Mikazuchi,////rp/wk/nu/,,,1,,s
Amatsu,Omoikane,wk/rs/rs/wk/nu/rs,,,1,,s
Amatsu,,,,,1,,s
Amatsu,Ame no Uzume,/wk///wk//nu/,,,1,,s
Amatsu,,,,,1,,s
Kunitsu,,,,,1,,s
Famed,,,,,1,,s
Human,,,,,1,,s
Human,,,,,1,,s
Avatar,Barong,rs/////wk/nu/wk,poison/sick:resist,,1,,s
Avatar,Anubis,rs/nu/nu,,,1,,s
Avatar,Ukano Mitama,///wk///nu/,,,1,,s
Avatar,Chimera,//rs//rs/wk/,poison:weak,,1,2,s
Avatar,Kaiming Shou,nu/wk,,,1,3,s
Avatar,Makami,//////nu/,panic:weak,,1,,s
Avatar,Kamapua'a,//rs/wk/rs/wk,poison:resist sleep:weak,,1,,s
Avatar,Shiisaa,nu//rs/rs/nu/wk,,,1,,s
Avatar,,,,,1,,s
Avatar,,,,,1,,s
Avatar,,,,,1,,s
Avatar,,,,,1,,s
Avatar,,,,,1,,s
Holy,Sphinx,rp/////nu/wk,,,1,,s
Holy,Sleipnir,/wk///wk//rs/,,,1,,s
Holy,Baihu,////dr/wk/nu,,,1,,s
Holy,Airavata,nu/rs////nu/rs,panic:resist,,1,,s
Holy,,,,,1,,s
Holy,Qing Niuguai,rs/,panic:null,,1,,s
Holy,Pabilsag,/rp///wk/,poison:null,,1,,s
Holy,Apis,wk,panic:resist,,1,,s
Holy,Heqet,//wk//rs/,poison:null,,1,,s
Holy,,,,,1,,s
Holy,,,,,1,,s
Holy,,,,,1,,s
Holy,,/////rs/,,,1,,s
Holy,,,,,1,,s
Genma,Heimdall,wk/rs///nu/rs,,,1,,s
Genma,Hanuman,rs/////nu/nu/rs,,,1,,s
Genma,Jarilo,nu//////rs,,,1,,s
Genma,Kresnik,/rs/////nu/,,,1,,s
Genma,Cu Chulainn,rs/rs////rp/,,,1,2,s
Genma,Kurama Tengu,/////rp/,,,1,,s
Genma,Tlaloc,//wk/nu/nu/wk/,,,1,,s
Genma,Frost Ace,//rp/rp/,,,1,,s
Genma,Nata Taishi,/rs/////rs/rs,poison:resist,,1,,s
Genma,Tam Lin,///wk///nu/,sick:weak,,1,2,s
Genma,Ictinike,//dr///wk/nu/,sick:weak,,1,,s
Genma,Baldur,rs/wk///nu/,,,1,,s
Genma,,,,,1,,s
Genma,,rs,,,1,,s
Genma,,,,,1,,s
Genma,,,,,1,,s
Fairy,Demonee-ho,rs/rs/rs/,,Gun,1,,s
Fairy,Titania,/wk/rs/rs/rs/rs/,,,1,,s
Fairy,Oberon,////wk/dr/,,,1,,s
Fairy,Vivian,wk/dr///rs/rs,,,1,,s
Fairy,Spriggan,rs////rs//wk/wk,,,1,,s
Fairy,Nadja,//////nu/,,,1,,s
Fairy,Lorelei,//wk///dr/,,,1,,s
Fairy,Kelpie,///rs//wk/,bind:resist,,1,,s
Fairy,Silky,//wk/dr/,sleep:null,,1,,s
Fairy,High Pixie,/////rs/,,,1,,s
Fairy,Setanta,/////rp/,,,1,2,s
Fairy,Pyro Jack,//rp/wk/,,,1,,s
Fairy,Jack Frost,//wk/dr/,,,1,,s
Fairy,Goblin,////wk/,sleep:weak,,1,,s
Fairy,,,,,1,,s
Fairy,Pixie,/////nu/,panic:weak,,1,,s
Fairy,Napaea,///wk//rs/,,,1,,s
Fairy,Oread,wk///rs/rs/rs,,,1,,s
Fairy,,,,,1,,s
Fairy,,,,,1,,s
Fairy,,,,,1,,s
Beast,Cerberus,rp/wk////nu,,,1,,s
Beast,Ammut,wk////nu,,,1,,s
Beast,Orthrus,dr/wk////rs,,,1,,s
Beast,Dormarth,wk//nu,poison/sick:null,,1,2,s
Beast,Hsing-Hsing,//rs///wk/,panic:resist,,1,,s
Beast,Nekomata,//rp/wk/wk/dr/,,,2,,s
Beast,,,,,1,,s
Beast,Inugami,rp///wk/wk/nu,,,1,,s
Beast,Kabuso,//rs/rs/wk/,panic:resist,,1,,s
Beast,Kaso,//nu/wk//rs/,,,1,,s
Beast,Stonka,/wk///wk/,,,1,,s
Beast,Gryphon,/wk////nu/,poison:weak,,1,,s
Beast,Hairy Jack,wk/rs,bind:weak,,1,,s
Beast,Minotaur,nu/wk////nu,,,1,,s
Beast,Asterius,rs/rs/rs/rs/rs/wk/wk,poison/panic/sleep/bind/sick:weak,,1,,s
Beast,,,,,1,,s
Beast,,,,,1,,s
Jirae,Gogmagog,rs//wk/rp/dr/wk//wk,,,1,,s
Jirae,Tlaltecuhtli,rs///wk/dr/,,,1,,s
Jirae,Titan,rs/,poison/sleep/bind:weak,,1,,s
Jirae,Tsuchigumo,///wk/rp/,poison:resist,,1,,s
Jirae,Kwancha,/////wk/,sick:null poison:weak,,1,,s
Jirae,Sudama,//wk//dr/,panic:resist,,1,,s
Jirae,Hua Po,//nu//wk/,,,1,,s
Jirae,Knocker,wk/nu//rs,,,1,,s
Jirae,Dwarf,//rs///wk/,,,1,,s
Jirae,Kuebiko,//wk///dr/rs/rs,,,1,,s
Jirae,,,,,1,,s
Jirae,,,,,1,,s
Jirae,,,,,1,,s
Jirae,,,,,1,,s
Snake,Ananta,///nu/nu/wk/nu/,,,1,3,s
Snake,Pendragon,/wk//rp/nu/,,,1,,s
Snake,Orochi,//nu/nu/wk/rs/,poison/panic/sleep/bind:weak,,1,,a
Snake,Ouroboros,rs///rs/dr//rs/rs,,,1,,s
Snake,Gui Xian,//wk/dr///nu/,,,2,,s
Snake,Yurlungur,//wk/dr/rs/,,,1,,s
Snake,Vouivre,//wk/nu/rs/,poison:null,,1,,s
Snake,Nozuchi,rs//wk/rs/rs/,poison:weak,,1,,s
Snake,Naga,//wk/nu/rs/,bind:resist,,1,,s
Snake,,,,,1,,s
Snake,,,,,1,,s
Snake,,,,,1,,s
Snake,,,,,1,,s
Snake,,,,,1,,s
Reaper,Mot,rs//wk/rp//nu,,,1,,s
Reaper,Nergal,rs/wk///nu/nu,,,1,,s
Reaper,Guedhe,rs/nu,,,1,,s
Reaper,Persephone,nu/wk//rs/nu,,,1,,s
Reaper,Orcus,rs//wk/rs/wk/nu//nu,,,1,,s
Reaper,Hel,wk/rp////nu,,,1,,s
Reaper,Ixtab,wk/nu,,,1,,s
Reaper,Cernunnos,rs////nu/wk//nu,,,1,,s
Reaper,,,,,1,,s
Reaper,,,,,1,,s
Reaper,,,,,1,,s
Wilder,Fenrir,rs/dr/wk//nu,,,1,,s
Wilder,Taowu,////rp/rs/nu/,,,1,,s
Wilder,Cabracan,//nu///wk/,,,1,,s
Wilder,Catoblepas,rs//////wk/,,,1,,s
Wilder,Manticore,nu/wk//rs,poison:null,,1,,s
Wilder,Porewit,//dr/wk/,,,1,,s
Wilder,Peallaidh,//wk/nu/,poison:resist,,1,,s
Wilder,Nue,/wk///dr/wk/,,,1,,s
Wilder,Raiju,/nu///dr/wk/,,,1,,s
Wilder,Jueyuan,//nu///wk/,poison:null,,1,,s
Wilder,Chagrin,////wk/rp/,,,2,,s
Wilder,,,,,1,,s
Wilder,,,,,1,,s
Wilder,,,,,1,,s
Wilder,,,,,1,,s
Wilder,,,,,1,,s
Jaki,Hekatoncheires,rs/rs////wk//rs,,,1,3,s
Jaki,Girimehkala,rp/dr///wk/wk/wk/nu,,,1,,s
Jaki,Grendel,rs/rs/////wk/,panic:weak,,1,,s
Jaki,,,,,1,,s
Jaki,Rakshasa,rs/////wk/wk/,sick:weak,,2,,s
Jaki,Black Frost,rs//rp/dr////nu,,,1,,s
Jaki,Wendigo,//wk/rp/,sick:resist,,1,,s
Jaki,Ippon-Datara,//nu////wk/,poison:weak,,2,,s
Jaki,Gremlin,//wk/rs/wk/,panic:weak,,1,3,s
Jaki,Lham Dearg,rs/rs//wk//rs/,poison:weak,,1,2,s
Jaki,Ogre,rs////wk/,,,1,,s
Jaki,,,,,1,,s
Jaki,,,,,1,,s
Jaki,,,,,1,,s
Jaki,,,,,1,,s
Vermin,Arachne,/dr//wk/,bind:resist,,1,,s
Vermin,Okiku-Mushi,/nu//wk//wk/wk/,,,1,,s
Vermin,Ubu,/nu/////wk/,poison:resist,,2,,s
Vermin,Mothman,wk//nu,poison/bind/sick:resist,,1,,s
Vermin,Myrmecolion,////wk/,panic:weak,,1,,s
Vermin,,,,,1,,s
Vermin,,,,,1,,s
Vermin,,,,,1,,s
Vermin,,,,,1,,s
Vermin,,rs,,,1,,s
Fury,Shiva,rs//dr//dr//nu/nu,,,1,2,s
Fury,Susano-o,rs//wk///rp/nu/nu,,,1,,s
Fury,Kartikeya,/nu/////nu/rs,,,1,,s
Fury,Beiji-Weng,///rs///nu/nu,,,1,,s
Fury,Wu Kong,rs/nu/rs/wk/wk//nu/,,,1,,s
Fury,Chernobog,wk/nu,poison/sick:resist,,1,,s
Fury,Asura,rp//rp/wk///rs/rs,,,1,3,s
Fury,Tonatiuh,rs/wk////rs,,,1,,s
Fury,Ares,rs/nu/wk,panic:weak,,1,,s
Fury,Masakado,rs/rs/rs/rs/nu/nu,,,2,3,s
Fury,Masakado's Shadow,dr/dr/////nu/nu,,,1,,s
Fury,,,,,1,,s
Fury,,,,,1,,s
Fury,,,,,1,,s
Lady,Xi Wangmu,nu/nu,poison:null,,1,,s
Lady,Skadi,//wk/dr,,,1,,s
Lady,Black Maria,nu/wk/nu/rs,,,1,,s
Lady,,,,,1,,s
Lady,Asherah,//rp/wk/rs/rp/nu/,,,1,,s
Lady,Diana,/rp////wk/,,,1,,s
Lady,Hariti,rs,sleep:resist,,1,,s
Lady,Sedna,//wk/dr///wk/nu,,,1,,s
Lady,Dzelarhons,rp/wk////nu,,,1,,s
Lady,Pele,nu/wk////rs,,,1,,s
Lady,Isis,rs//nu///rs,,,1,,s
Lady,,,,,1,,s
Lady,,,,,1,,s
Lady,,,,,1,,s
Lady,,,,,1,,s
Dragon,Huang Long,rs/rs/rs/rs/nu/nu,,,1,3,s
Dragon,Quetzalcoatl,rp//rs///nu/nu/wk,,,1,,s
Dragon,Zhu Yin,nu//nu//nu,,,1,,s
Dragon,Illuyanka,///rs//rs/,sleep/bind:weak,,1,,s
Dragon,Long,///rs/wk/rp/nu/,,,1,,s
Dragon,Gucumatz,wk/dr//rs//wk,,,1,,s
Dragon,Patrimpas,rs//rp/wk/wk,,,1,,s
Dragon,Makara,///dr/,,,1,,s
Dragon,Koga Saburo,wk/rs/rp//nu,,,2,,s
Dragon,,,,,1,,s
Dragon,,,,,1,,s
Dragon,,,,,1,,s
Dragon,,,,,1,,s
Kishin,Thor,rs//nu//dr/wk/rs/rs,poison:weak,,1,2,s
Kishin,Marici,nu////nu/rs,,,1,3,s
Kishin,Bishamonten,wk/nu///nu/rs,,,1,,s
Kishin,Jikokuten,wk/nu/nu/rs,,,1,,s
Kishin,Zhong Kui,wk/nu/rs,poison/sick:null,,1,,s
Kishin,Koumokuten,nu//nu/rs,,,1,,s
Kishin,Zouchouten,nu/wk///nu/rs,,,1,,s
Kishin,,,,,1,,s
Kishin,,,,,1,,s
Kishin,,,,,1,,s
Kishin,,,,,1,,s
Kishin,,,,,1,,s
Kunitsu,Arahabaki,nu/nu/wk/wk/wk/wk/nu/nu,,,1,,s
Kunitsu,Kushinada-hime,nu/wk,bind:weak,,1,,s
Kunitsu,Okuninushi,wk//rs/rs/rs,,,2,,s
Kunitsu,Take-Minakata,wk//dr//rs/rs,bind:weak,,1,,s
Kunitsu,Oumitsunu,////dr/wk/,,,1,,s
Kunitsu,Hitokotonuchi,wk//dr//nu/wk,,,1,,s
Kunitsu,,,,,1,,s
Kunitsu,,,,,1,,s
Kunitsu,,,,,1,,s
Fallen,Samael,wk/nu,,,1,,s
Fallen,Murmur,wk//rp/rp//rs,,,1,,s
Fallen,Gemori,nu/wk////nu,,,1,,s
Fallen,,,,,1,,s
Fallen,Mitra,rs/rs//wk/nu/nu,,,1,,s
Fallen,Decarabia,wk//////rs,,,1,,s
Fallen,Nebiros,nu/////wk/wk/nu,bind:weak,,1,,s
Fallen,Ose,nu,bind:weak,,2,,s
Fallen,Dantalian,rs/rs/wk/nu//rs,,,1,,s
Fallen,Orias,dr/wk////rs,sick:null,,1,2,s
Fallen,Halphas,wk////wk//rs,,,1,,s
Fallen,Bifrons,//nu///wk/,,,1,,s
Fallen,Melchom,rp/wk//wk//rs,bind:weak,,1,,s
Fallen,,,,,1,,s
Fallen,Shax,wk/rs//rs,,,1,,s
Fallen,Barbatos,wk///dr//nu,,,1,,s
Fallen,Botis,rp/wk//nu,,,2,,s
Fallen,,/////rs/,,,1,,s
Brute,Ongyo-Ki,rs/rs//rs//rs/wk/nu,,,1,,s
Brute,Berserker,nu//wk/,,,1,,s
Brute,Sui-Ki,wk/rp////rs,,,1,,s
Brute,Fuu-Ki,wk/rp//nu,,,1,,s
Brute,Kin-Ki,rp////dr/wk//rs,,,1,,s
Brute,Yomotsu Ikusa,wk/rs,panic:weak,,1,,s
Brute,Yamawaro,rs///rs///wk/wk,,,1,,s
Brute,Momunofu,rs/////wk/,poison/panic/sleep/bind/sick:weak,,1,,s
Brute,Azumi,///nu/wk/,,,1,,s
Brute,Oni,,panic/sleep/bind:weak,,1,,s
Brute,,,,,1,,s
Brute,Yaksha,rs///rp//wk/,,,1,,s
Brute,Bilwis,wk/nu,poison:resist panic:weak,,1,,s
Brute,,,,,1,,s
Brute,,rs,,,1,,s
Brute,,,,,1,,s
Femme,Rangda,rp/rp///wk/,,,1,,s
Femme,Dakini,rs//dr/wk///rs/rs,,,2,,s
Femme,Atropos,wk///nu/nu/nu,,,1,,s
Femme,Lachesis,///wk/nu/,poison/panic/sleep/bind/sick:resist,,1,,s
Femme,Clotho,nu///wk/nu/nu,,,1,,s
Femme,Yuki Jyorou,//wk/dr/,,,1,,s
Femme,Shikome,wk/nu,poison:resist,,1,,s
Femme,Strix,wk//rp/wk/rs//rs,sleep:null,,1,,s
Femme,Leanan Sidhe,/////wk/,poison:weak,,1,,s
Femme,,,,,1,,s
Femme,Taraka,wk//////nu,,,1,,s
Femme,Kali,wk////rp//nu,,,2,3,s
Femme,Medusa,/rs///dr/wk/,,,1,3,s
Femme,,,,,1,,s
Night,Maya,wk/////rs/rs,,,1,,s
Night,Lilith,wk/rs/rs/dr/rs//rs,,,1,,s
Night,,,,,1,,s
Night,Queen Mab,//rs/rs/rs/rs/,,,1,,s
Night,Wild Hunt,wk/nu,,,1,,s
Night,Succubus,wk/rs/nu///wk/nu,,,1,,s
Night,Kaiwan,///wk///nu/,,,1,,s
Night,Incubus,wk/dr//rs,sleep:resist,,1,,s
Night,Kikimora,nu//wk//rs,,,1,,s
Night,Lilim,///wk//nu/,sleep:resist,,1,,s
Night,Sandman,////wk/dr/,sleep:null,,1,3,s
Night,Fomorian,//wk/nu/,sleep:weak,,1,,s
Night,Mokoi,////nu/wk/,,,1,,s
Night,,,,,1,,s
Night,,,,,1,,s
Night,,,,,1,,s
Night,,,,,1,,s
Night,,/////rs/,,,1,,s
Tyrant,Lucifer,dr/rp/////nu/nu,poison/panic/sleep/bind/sick:null,,1,2,s
Tyrant,Mara,dr//wk/dr//nu/nu,,,1,,s
Tyrant,Chi You,wk/rp//rp/nu/nu,,,1,3,s
Tyrant,Surt,dr/wk///rs/nu,,,1,,s
Tyrant,Tzitzimitl,nu/nu,,,1,,s
Tyrant,Beelzebub,dr/////nu/nu,,,1,,s
Tyrant,Abaddon,rp//wk//nu/nu,,,1,,s
Tyrant,Loki,nu//rs//rs//rs,,,1,2,s
Tyrant,Belial,nu/wk////nu,,,1,,s
Tyrant,Astaroth,rp////nu,,,1,,s
Tyrant,Balor,//nu///rs/,sick:weak,,1,,s
Tyrant,King Frost,wk/dr///nu/nu,,,1,,s
Tyrant,Samyaza,wk//nu,,,1,,s
Tyrant,Horkos,rs//wk/////rs,sleep:weak,,1,,s
Tyrant,Mithras,rs/wk///nu/rs,,,1,,s
Tyrant,Morax,rp/wk////nu,sick:weak,,1,,s
Tyrant,Azazel,rp/wk/wk/rp/rs/rs,,,1,,s
Tyrant,Asmodeus,nu/dr////wk/nu,,,1,,s
Tyrant,Lucifuge,rp///wk/rp//nu,,,1,,s
Tyrant,Aeshma,,,,1,,s
Tyrant,,,,,1,,s
Drake,Fafnir,rp/rs//wk/wk/,,,1,,s
Drake,Ym,wk///nu,,,1,,s
Drake,Niddhoggr,rs/rs//rp/wk/rs/wk/,,,1,3,s
Drake,Tiamat,nu/dr/wk///rs,,,1,,s
Drake,Mushussu,////rp/wk/,,,1,,s
Drake,Kingu,//wk//nu/nu/,,,1,,s
Drake,Basilisk,wk//nu,bind:null,,1,,s
Drake,Bai Suzhen,//wk/nu/,poison:weak,,1,,s
Drake,Toubyou,,poison:null sick:resist sleep:weak,,1,3,s
Drake,Zhu Tun She,/nu//nu///wk/,,,1,,s
Drake,Vasuki,wk/dr///rs/rs,,,1,,s
Drake,Python,///nu/nu/wk/wk/,,,1,,s
Drake,,,,,1,,s
Drake,,,,,1,,s
Drake,,,,,1,,s
Spirit,Legion,rs/wk/rs/rs/wk/rs/wk/nu,,,1,,s
Spirit,Pisaca,wk///nu/wk/nu,sick:resist,,1,,s
Spirit,Inferno,dr/wk///wk/rs,,,1,,s
Spirit,Macabre,wk/////wk/nu,poison:null panic:resist,,1,2,s
Spirit,Quicksilver,/nu///rp/wk/wk/,bind:resist,,1,2,s
Spirit,Poltergeist,/////wk/wk/,panic:resist,,1,2,s
Spirit,Wicker Man,wk//wk//wk/nu,sick:null,,1,,s
Spirit,Dybbuk,wk///wk/rs,,,1,,s
Spirit,Garrote,dr/wk////wk/rs,,,1,,s
Spirit,,,,,1,,s
Spirit,,,,,1,,s
Spirit,,/////rs/,,,1,,s
Spirit,,,,,1,,s
Spirit,,,,,1,,s
Spirit,,,,,1,,s
Foul,Mad Gasser,wk/rs,poison/panic/sleep/bind/sick:resist,,1,,s
Foul,,,,,1,,s
Foul,Night Stalker,//////wk/,,,1,,s
Foul,Hooligan,/rs//wk/nu/wk/,,Gun,2,,s
Foul,Jack the Ripper,//wk/,sick:resist,,1,,s
Foul,Slime,wk//wk/wk/wk/wk/wk/,poison/sick:null,,1,,s
Foul,Tattooed Man,nu/wk,,,1,,s
Foul,,,,,1,,s
Foul,,,,,1,,s
Foul,,,,,1,,s
Foul,,,,,1,,s
Ghost,Vetala,wk////wk/nu,,,1,,s
Ghost,Kudlak,wk/////nu,,,1,,s
Ghost,Ghoul,wk////wk/nu,,,1,2,s
Ghost,Enku,dr/wk//wk//nu,,,1,,s
Ghost,Churel,wk/nu,,,1,,s
Ghost,Mou-Ryo,wk/nu,,,1,,s
Ghost,Obariyon,///wk/nu/,bind:null,,1,,s
Ghost,Preta,wk/nu//wk/wk/nu,,,1,,s
Ghost,Strigoii,wk//rs/rs/wk/rs,,,1,,s
Ghost,Dullahan,rs////wk/rs/wk/nu,,,1,,s
Ghost,,,,,1,,s
Ghost,,,,,1,,s
Ghost,,,,,1,,s
Ghost,,,,,1,,s
Mitama,Saki Mitama,rs/rs/rs/rs/nu/rs/nu/nu,panic/sleep/bind/sick:null,,1,,s
Mitama,Kushi Mitama,rs/rs/rs/rs/rs/nu/nu/nu,poison/panic/bind/sick:null,,1,,s
Mitama,Nigi Mitama,rs/rs/rs/dr/rs/rs/nu/nu,poison/sleep/bind/sick:null,,1,,s
Mitama,Ara Mitama,rs/rs/rp/rs/rs/rs/nu/nu,poison/panic/sleep/sick:null,,1,,s
Mitama,,,,,1,,s
Mitama,,,,,1,,s
Mitama,,,,,1,,s
Mitama,,,,,1,,s
Mitama,,,,,1,,s
Element,Salamander,rp/wk///nu/nu,,,1,,s
Element,Undine,wk/rp///nu/nu,,,1,,s
Element,Sylph,wk/rp/nu/nu,,,1,,s
Element,Gnome,rp/wk/nu/nu,,,1,,s
Element,Flaemis,dr/wk///nu/nu,,,1,,s
Element,Aquans,wk/dr///nu/nu,,,1,,s
Element,Aeros,wk/dr/nu/nu,,,1,,s
Element,Erthys,dr/wk/nu/nu,,,1,,s
Element,,,,,1,,s
Element,,,,,1,,s
Element,,/////rs/,,,1,,s
Element,,,,,1,,s
Element,,,,,1,,s
Fiend,Mother Harlot,nu////dr/wk/nu/nu,poison/panic/sleep/bind/sick:null,,1,3,s
Fiend,Trumpeter,wk/rs/rs/rs/rs/nu/nu,poison/panic/sleep/bind/sick:null,,1,,s
Fiend,Pale Rider,rs/wk/rp/nu/nu,poison/sick:null,,1,,s
Fiend,Black Rider,wk/dr///nu/rs,,,1,,s
Fiend,Red Rider,rs/rp/wk///nu/rs,panic:null,,1,,s
Fiend,White Rider,dr/wk/nu/rs,poison/panic/sleep/bind/sick:resist,,1,,s
Fiend,,,,,1,,s
Fiend,Matador,rs/rs///wk//rs/nu,,,1,2,s
Fiend,David,rs/rs/wk//rs/nu,poison/panic/sleep/bind/sick:resist,,1,,s
Fiend,Chemtrail,rs/nu,poison/panic/sleep/bind/sick:null,,1,,s
Fiend,Plasma,rs/rs//wk/dr/,Poison/Sick:resist,,1,,s
Fiend,,,,,1,,s
Fiend,,nu,,,1,,s
Fiend,,,,,1,,s
Enigma,Kangiten,nu/nu,,,1,,s
Enigma,Kama,rs/nu/wk////nu/,,,1,2,s
Enigma,Kinmamon,nu/wk///nu/nu,,,1,,s
Enigma,Futotama,nu/nu,,,1,,a
Enigma,Kanbari,wk/nu/////nu/wk,bind:weak,,1,,s
Enigma,,,,,1,,s
Enigma,,,,,1,,s
Enigma,,/////rs/,,,1,,s
Enigma,,,,,1,,s
Enigma,,,,,1,,s
Food,Hare of Inaba,wk/wk////rs/rs,panic:weak,,1,,s
Food,Kuda,/wk//rp//wk/,,,1,,s
Food,Chupacabra,wk//rs/rs,,,1,,s
Food,Mamedanuki,//rs/rs/,panic:resist,,1,,s
Food,Katakirauwa,rs//wk/wk/wk/wk/wk/nu,sick:resist,,1,,s
Food,Onmoraki,/wk//wk/,,,1,,s
Food,,,,,1,,s
Food,,,,,1,,s
Food,,,,,1,,s
Food,,,,,1,,s
Food,,,,,1,,s
Zealot,Masakado,,,,1,,s
Zealot,Tezcatlipoca,rs/wk/rs/nu//nu,,,1,,s
Zealot,Attis,rs/wk/,panic/sleep:weak,,1,,s
Zealot,Aramisaki,//////nu/,,,1,,s
Zealot,Dionysus,//nu/wk/nu/,panic:null,,1,,s
Zealot,Ogun,//nu/,,,1,,s
Zealot,,,,,1,,s
Zealot,,,,,1,,s
Zealot,,,,,1,,s
Zealot,,,,,1,,s
Zealot,,/////rs/,,,1,,s
Entity,Alilat,rs/rs/////nu/nu,poison/panic/sleep/bind/sick:null,,1,,s
Entity,,,,,1,,s
Entity,,,,,1,,s
Entity,,,,,1,,s
Entity,,,,,1,,s
Entity,,,,,1,,s
Famed,Huang Di,rs/rs/rs/rs/nu/nu,,,1,,a
Famed,Tokisada,wk///rs/rs/nu/nu,,,1,,s
Famed,Rama,nu////nu/nu,,,1,,s
Famed,Kanseiteikun,rs/rs/////nu/nu,,,1,3,s
Famed,Siegfried,dr/wk/////nu/nu,,,1,,s
Famed,Hagen,nu/nu,,,1,3,s
Famed,Jeanne d'Arc,wk/rs/rs/rs/nu/nu,,,1,,s
Famed,Lanling Wang,rs//nu/nu,poison:weak,,1,2,s
Famed,Yoshitsune,rs//////nu/nu,,,1,3,s
Famed,Tenkai,rs/wk/////nu/nu,,,1,,s
Famed,Michizane,/wk/dr//nu/nu,,,1,,s
Famed,Yamato Takeru,rp//nu/nu,,,1,,s
Famed,,,,,1,,s
Famed,,,,,1,,s
Human,Ashura-kai Man,nu/wk,,gun,1,3,s
Human,Ashura-kai Woman,nu/wk,,gun,2,,s
,,nu/wk,,,1,,s
,,/////rs/,,,1,,s
,,,,,1,,s
,,,,,1,,s
,,,,,1,,s
,,,,,1,,s
,,,,,1,,s
Human,Gaea Man,/rs//////rs,,,1,,s
Human,Gaea Woman,/rs//////rs,,,1,,s
,,,,,1,,s
,,,,,1,,s
Undead,Samurai Zombie (male),wk////wk/nu,sick:null,,1,,s
Undead,Samurai Zombie (female),wk////wk/nu,sick:null,,1,,s
Undead,Zombie,wk////wk/nu,sick:null sleep:weak,,1,3,s
Undead,Alice,rs/rp/////rs/nu,poison/panic/sleep/bind/sick:null,,1,,s
,,rs/wk////wk/nu,,,1,,s
Undead,Zombie Cop,wk////wk/nu,bind/sick:null,gun,1,,s
,,rs/wk////wk/nu,,,1,,s
,,,,,1,,s
Undead,Patriot,rs/wk/////nu,,gun,2,,s
Undead,Corpse,nu/wk/nu/wk//wk/nu,,,1,,s
Cyber,Pluto Soldier,,,,1,,s
,,,,,1,,s
,,,,,1,,s
???,???,,,,1,,s
Undead,Candle,rs/nu/nu,,,1,,s
Undead,Nozomi,nu/nu,,gun,1,,s
Undead,Sarcophagus,nu/nu,,,1,,s
Undead,Priyankara,nu/nu,,,1,,s
Undead,Timothy,,,,1,,s
Undead,Nozomi,,,gun,1,,s
Undead,Navarre,,,,1,,s
Undead,Portable Cannon,,,gun,1,,s
Undead,Nozomi,,,gun,1,,s
Undead,Orb of the Gates,,,,1,,s
Horde,DDS Horde,nu/wk/rs/rs/rs,poison/panic/sleep/bind/sick:resist,,3,4,s
Horde,Lilim Horde,wk/nu//nu/nu,poison/panic/sleep/bind/sick:resist,,3,4,s
Horde,,wk/rp/wk////rs,,,3,4,s
Horde,,dr/wk///rs/rs,,,3,4,s
Horde,,nu/dr/wk///rs/nu,,,3,4,s
Horde,Wildfire Horde,dr//rs///rs,sleep:weak,,3,4,s
Horde,Spirit Horde,rs/nu//rp////nu,,,3,4,s
Horde,Demonstrators,rp///rp///nu,bind/sick:null,gun,3,4,s
Horde,Hoodlum Horde,rs/rs/////nu/,panic:weak,gun,3,4,s
Horde,Jirae Horde,rs//wk//dr/,panic:resist,,3,4,s
Horde,Imperial Guard,rs/rs////dr/nu/nu,poison/sick:null,,3,4,s
Horde,Fairy Horde,rs/wk/rs/rs/rs/dr/,,,3,4,s
Horde,Babylonia Horde,rs/nu/////nu/nu,,,3,4,s
Horde,Deceased Horde,nu,poison/panic/sleep/bind/sick:null,,3,4,s
Horde,Fallen Horde,wk/dr/rs/rs/rs/rs/nu,,,3,4,s
Horde,Fighter Horde,rs/rs//////nu,,,3,4,s
Horde,Yakuza Horde,rs/rs/////nu/,,gun,3,4,s
Horde,Cyber Horde,rs/rs,poison/sick:null panic/sleep/bind:resist,,3,4,s
Horde,Divine Horde,/rp/rp//rp//nu/,,,3,4,s
Horde,Demon Horde,rp///rp//rp//nu,,,3,4,s
Horde,Calamity Horde,wk/////wk/nu,poison/panic/sleep/bind/sick:resist,,3,4,s
Horde,Grudge Horde,wk////wk/nu,sick:null,,3,4,s
Horde,,wk/nu/nu/nu,,,3,4,s
Horde,,dr/rs/rp/wk//rs,,,3,4,s
Horde,,wk//wk////nu,,,3,4,s
Horde,,rs/wk/wk/rp/nu/nu,,,3,4,s
Horde,,wk/rp//rs/wk/nu,,,3,4,s
Horde,,wk/rs/rs/wk/rs/wk/nu,,,3,4,s
Horde,,rp/wk///nu/nu,,,3,4,s
Horde,,rs/rs/rs/////rs,,gun,3,4,s
Horde,,wk////rp/rs/rs,,,3,4,s
Horde,,nu//wk/////nu,,,3,4,s
Horde,,rp/rs//rp/wk//wk/,,,3,4,s
Horde,,dr/wk/rp/dr//nu,,,3,4,s
Horde,,rp//dr/wk/nu/nu,,,3,4,s
Horde,,wk/wk/wk/wk/wk/rs/rs,,,3,4,s
Horde,,wk/rs/nu/nu,,,3,4,s
Horde,,dr/nu/wk//nu/rs,,,3,4,s
Horde,,rs////rs/rs/nu/,,,3,4,s
Horde,,rs/wk////nu/nu,,,3,4,s
Horde,,rs/rs///nu/nu,,,3,4,s
Horde,,rs/nu/nu/wk///nu/nu,,,3,4,s
Horde,Babylon's Might,wk///dr/wk/nu/nu,,,3,4,s
Horde,Pirate Horde,wk/nu/nu/wk/rs/rs,poison/panic/sleep/bind/sick:resist,,3,4,s
Horde,Insane Horde,rs/wk/////nu,poison/panic/sleep/bind/sick:resist,gun,3,4,s
Horde,Killer Horde,wk/////nu,poison/panic/sleep/bind/sick:resist,,3,4,s
Horde,Pest Horde,rs/rs//rp/wk///rs,poison/panic/sleep/bind/sick:resist,,3,4,s
Horde,Hell Horde,rp/wk///nu/nu,poison/panic/sleep/bind/sick:resist,,3,4,s
Horde,War Horde,dr///wk/nu/rs,poison/panic/sleep/bind:resist sick:weak,,3,4,s
Horde,Apsaras Horde,wk/dr///rs/rs,panic/sleep/sick:resist poison/bind:weak,,3,4,s
Beast,Orthrus,dr/wk////rs,poison/panic/sleep/bind/sick:resist,,3,4,s
Brute,Berserker,nu//wk////rs/rs,poison/panic/sleep/bind/sick:resist,,1,,s
Jaki,Rakshasa,rs/rs////wk/rs/rs,poison/panic/sleep/bind/sick:resist,,2,,s
Fury,Ares,rs/////nu/nu,poison/sleep/bind/sick:resist panic:weak,,1,,s
Dragon,Long,rs/wk/rp/nu/rs,poison/panic/sleep/bind/sick:resist,,1,,s
Fiend,David,rs/rs/wk//rs/nu,poison/panic/sleep/bind/sick:resist,,1,,s
Brute,Sui-Ki,wk/rp///rs/rs,poison/panic/sleep/bind/sick:resist,,1,,s
Wilder,Nue,/wk///dr/wk/,poison/panic/sleep/bind/sick:resist,,1,,s
Zealot,Ogun,nu////rs/rs,poison/sick:null panic/sleep/bind:resist,,1,,s
Fury,Wu-Kong,nu/nu/rs/wk/rs//nu/nu,poison/panic/sleep/bind/sick:resist,,1,,s
Flight,Rukh,rp/wk///rs/rs/rs,poison/panic/sleep/bind/sick:resist,,1,,s
Brute,Kin-Ki,dr/wk/rs/rs,poison/panic/sleep/bind/sick:resist,,1,,s
Reaper,Orcus,rs//wk/rs/wk///nu,,,1,,s
Fury,Asura,rs/nu/rp/wk//nu/rs/rs,poison/panic/sleep/bind/sick:resist,,1,3,s
Human,Subzero Nodon,nu/rs,poison/panic/sleep/bind/sick:resist,gun,1,,s
Human,Dynamo,nu/rs,poison/panic/sleep/bind/sick:resist,gun,1,,s
Human,Buzzsaw Sanya,nu/rs,poison/panic/sleep/bind/sick:resist,gun,1,,s
Human,Ayame Arei,nu/rs,poison/panic/sleep/bind/sick:resist,gun,1,,s
Brute,Fuu-Ki,wk/rp/rs/nu,poison/panic/sleep/bind/sick:resist,,1,,s
Fallen,Dantalian,rs/rs/wk/nu/rs/rs,poison/panic/sleep/bind/sick:resist,,1,,s
Vile,Seth,wk/nu/nu/rs/nu,poison/panic/sleep/bind/sick:resist,,1,,s
Fairy,Setanta,rs/////rp/rs/rs,poison/panic/sleep/bind/sick:resist,,1,2,s
Drake,Bai Suzhen,wk/nu///rs/rs,panic/sleep/bind/sick:resist poison:weak,,1,,s
Fury,Chernobog,nu,poison/panic/sleep/bind/sick:resist,,1,,s
Kunitsu,Okuninushi,wk///rs/nu,poison/panic/sleep/bind/sick:resist,,1,,s
Famed,Kanseiteikun,rs/rs/////nu/nu,poison/panic/sleep/bind/sick:resist,,1,3,s
Wilder,Manticore,nu/wk/rs/rs,poison:null panic/sleep/bind/sick:resist,,1,,s
Tyrant,Abaddon,rp//wk//rs/nu,poison/panic/sleep/bind/sick:resist,,1,,s
Fairy,Demonee-ho,rs/rs/rs////rs/rs,poison/panic/sleep/bind/sick:resist,gun,1,,s
Wilder,Taowu,rp/wk/nu/rs,poison/panic/sleep/bind/sick:resist,,1,,s
Human,Prisoner Yokota,nu/rs,poison/panic/sleep/bind/sick:resist,gun,1,,s
Human,Fusou Fujio,nu/rs,poison/panic/sleep/bind/sick:resist,gun,1,,s
Human,Hiro Jingu,nu/rs,poison/panic/sleep/bind/sick:resist,gun,1,,s
Human,G.H. Hills,nu/rs,poison/panic/sleep/bind/sick:resist,gun,1,,s
Amatsu,Take-Mikazuchi,rp/wk/nu/nu,poison/panic/sleep/bind/sick:null,,1,,s
Zealot,Dionysus,nu/wk/nu//rs/rs,panic:null poison/sleep/bind/sick:resist,,1,,s
Fairy,Silky,wk/dr//nu/rs/rs,sleep:null poison/panic/bind/sick:resist,,1,,s
Fairy,Lorelei,wk///dr/rs/rs,poison/panic/sleep/bind/sick:resist,,1,,s
Reaper,Persephone,nu//wk//rs/nu,poison/panic/sleep/bind/sick:resist,,1,,s
Drake,Tiamat,nu/dr/wk//rs/rs,poison/panic/sleep/bind/sick:resist,,1,,s
Tyrant,Astaroth,rp///nu/nu,poison/panic/sleep/bind/sick:resist,,1,,s
Raptor,Anzu,dr/wk/nu/rs,poison/panic/sleep/bind/sick:resist,,1,,s
Tyrant,Astaroth,rp///nu/nu,poison/panic/sleep/bind/sick:resist,,1,,s
reaper,Cercunnos,rs////rp/wk/rs/nu,poison/panic/sleep/bind/sick:resist,,1,,s
jaki,Grendel,rs/rs/////rs/rs,poison/sleep/bind/sick:resist panic:weak,,1,,s
beast,,wk/rs/nu,poison/panic/sleep/bind/sick:resist,,1,,s
kishin,marici,nu////nu/rs,poison/panic/sleep/bind/sick:resist,,1,3,s
divine,throne,nu/wk///nu/rs,poison/panic/sleep/bind/sick:resist,,1,,s
divine,dominion,rs/wk/nu/rs,poison/panic/sleep/bind/sick:resist,,1,,s
divine,power,wk/nu/rs,poison/panic/sleep/bind/sick:resist,,1,,s
herald,kazfiel,wk/nu//nu/nu/rs,poison/panic/sleep/bind/sick:resist,,1,,s
Human,Hunter Man,nu/rs,poison/panic/sleep/bind/sick:resist,gun,1,,s
human,Hunter Woman,nu/rs,poison/panic/sleep/bind/sick:resist,,1,,s
kishin,thor,rs//nu//dr/wk/rs/rs,panic/sleep/bind/sick:resist poison:weak,,1,2,s
tyrant,morax,rp/wk///rs/nu,poison/panic/sleep/bind:resist sick:weak,,1,,s
avatar,chimera,rs//rs/wk/rs/rs,panic/sleep/bind/sick:resist poison:weak,,1,2,s
famed,tokisada,dr///rs/rs/nu/nu,poison/panic/sleep/bind/sick:resist,,1,,s
beast,gryphon,wk////nu/rs/rs,panic/sleep/bind/sick:resist poison:weak,,1,,s
vile,seth,wk/nu/nu/rs/nu,poison/panic/sleep/bind/sick:null,,1,,s
Foul,Hungry Man,nu/rs,,gun,1,,s
Horde,Dagda's Cauldron,/////rs/,,,1,,s
Horde,,,,,1,,s
Horde,,,,,1,,s
Horde,,,,,1,,s
Horde,,,,,1,,s
Horde,,,,,1,,s
Horde,,,,,1,,s
Horde,,,,,1,,s
Horde,,,,,1,,s
Horde,,,,,1,,s
Jaki,Lham Dearg,wk/wk/rs////nu,,,1,,s
Foul,Slime,wk//wk/wk/wk/wk/wk/,,,1,,s
Snake,Naga,wk/nu/rs//rs/rs,poison/panic/sleep/bind/sick:resist,,1,,s
Jaki,Wendigo,wk/nu/wk/rs/rs/rs,poison/panic/sleep/bind/sick:resist,,1,,s
wood,Alraune,rs/wk////rs/rs,poison/panic/sleep/bind/sick:resist,,1,,s
Femme,strix,wk//rp/wk//rs/rs,poison/panic/sleep/bind/sick:resist,,1,,s
undead,issachar,rs/rs,poison/panic/sleep/bind/sick:resist,,1,,s
beast,minotaur,nu/wk///nu/nu,poison/panic/sleep/bind/sick:resist,,1,,s
femme,medusa,rs///dr/wk/nu/nu,poison/panic/sleep/bind/sick:resist,,1,,s
human,merkabah (Phase 2),rs/rs,poison/panic/sleep/bind/sick:resist,,1,,s
wilder,peallaidh,wk/rs///rs/rs,poison/panic/sleep/bind/sick:resist,,1,,s
jirae,tsuchigumo,rs///wk//wk/rs/rs,poison/panic/sleep/bind/sick:resist,,1,,s
tyrant,balor,nu///rs/rs/nu,poison/panic/sleep/bind/sick:resist,,1,,s
femme,taraka,rs/nu,poison/panic/sleep/bind/sick:resist,,1,,s
night,lilith,wk/rs/rs/dr/rs/nu/nu,poison/panic/sleep/bind/sick:resist,,1,,s
reaper,ixtab,rs/nu,poison/panic/sleep/bind/sick:resist,,1,,s
Horde,Cyber Horde,rs/rs,poison/panic/sleep/bind/sick:resist,,3,4,s
Cyber,Pluto Warriors,rs/rs,poison/panic/sleep/bind/sick:resist,,1,,s
Cyber,Pluto Giant,rs/rs,poison/panic/sleep/bind/sick:resist,,1,,s
Tyrant,Pluto,dr/dr/wk///nu/nu,poison/panic/sleep/bind/sick:resist,,2,4,s
Ghost,vetala,wk////rs/nu,poison/panic/sleep/bind/sick:resist,,1,,s
deity,mahamayura,rs////wk/rp/nu/rs,poison/panic/sleep/bind/sick:resist,,1,,s
king,kenji,wk///wk/nu/nu,poison/panic/sleep/bind/sick:resist,,1,,a
cyber,control Device,nu/nu,poison/panic/sleep/bind/sick:resist,,1,,s
archaic,white (Hugo),nu/nu,poison/panic/sleep/bind/sick:resist,,1,,s
archaic,white (K),nu/nu,poison/panic/sleep/bind/sick:resist,,1,,s
archaic,white (Isabeau),nu/nu,poison/panic/sleep/bind/sick:resist,,1,,s
archaic,white (Issachar),nu/nu,poison/panic/sleep/bind/sick:resist,,1,,s
archaic,white (Hugo),nu/nu,poison/panic/sleep/bind/sick:resist,,1,,s
archaic,white (K),nu/nu,poison/panic/sleep/bind/sick:resist,,1,,s
archaic,white (Isabeau),nu/nu,poison/panic/sleep/bind/sick:resist,,1,,s
archaic,white (Issachar),nu/nu,poison/panic/sleep/bind/sick:resist,,1,,s
archaic,white (Hugo),nu/nu,poison/panic/sleep/bind/sick:resist,,1,,s
archaic,white (K),nu/nu,poison/panic/sleep/bind/sick:resist,,1,,s
archaic,white (Isabeau),nu/nu,poison/panic/sleep/bind/sick:resist,,1,,s
archaic,white (Issachar),nu/nu,poison/panic/sleep/bind/sick:resist,,1,,s
tyrant,asmodeus,nu/dr///wk//nu,poison/panic/sleep/bind/sick:resist,,1,,s
raptor,,wk////rp//nu,poison/panic/sleep/bind/sick:resist,,1,,s
wilder,,rs/wk/rs/rs/nu/nu,poison/panic/sleep/bind/sick:resist,,1,,s
horde,Disaster Horde,wk/wk/nu,poison/panic/sleep/bind/sick:resist,,3,4,s
horde,Bound Horde,dr/wk////wk/rs,poison/panic/sleep/bind/sick:resist,,3,4,s
horde,,,poison/panic/sleep/bind/sick:resist,,3,4,s
horde,Yaksha horde,rs///rp//wk/nu/nu,poison/panic/sleep/bind/sick:resist,,3,4,s
horde,,nu/wk/dr/dr//nu,poison/panic/sleep/bind/sick:resist,,3,4,s
horde,Wicker Horde,wk///wk/wk/nu,poison/panic/sleep/bind/sick:resist,,3,4,s
horde,deadly divines,nu//wk/rs/rs/nu/rs,poison/panic/sleep/bind/sick:resist,,3,4,s
herald,kazfiel,wk/wk/nu//nu/nu/rs,poison/panic/sleep/bind/sick:resist,,1,,s
horde,,wk//nu/rs,poison/panic/sleep/bind/sick:resist,,3,4,s
,,,,,,,
horde,,rs/wk////nu/rs,poison/panic/sleep/bind/sick:resist,,3,4,s
Human,Isabeau,nu/nu,poison/panic/sleep/bind/sick:resist,,1,,s
Femme,Dakini,dr/wk///nu/nu,poison/panic/sleep/bind/sick:resist,,1,,s
Lady,Isis,rs//rs//nu/nu,poison/panic/sleep/bind/sick:resist,,1,,s
Femme,Kali,wk////rp/nu/nu,poison/panic/sleep/bind/sick:resist,,1,,s
tyrant,lucifer,nu/nu,poison/panic/sleep/bind/sick:null,,1,,s
Human,Isabeau,nu/nu,poison/panic/sleep/bind/sick:resist,,1,,s
megami,pallas Athena,rs/rp/////nu/nu,poison/panic/sleep/bind/sick:resist,,1,,s
yoma,valkyriw,rs////wk//nu/nu,poison/panic/sleep/bind/sick:resist,,2,,s
famed,jeanne d'Arc,wk/rs/rs/rs/nu/nu,poison/panic/sleep/bind/sick:resist,,1,,s
herald,merkabah (phase 1),nu/nu,poison/panic/sleep/bind/sick:null,,1,,s
herald,merkabah (phase 1),nu/nu,poison/panic/sleep/bind/sick:null,,1,,s
tyrant,lucifer,nu/nu,poison/panic/sleep/bind/sick:null,,1,,s
herald,,nu///wk//nu/nu,poison/panic/sleep/bind/sick:resist,,1,,s
tree,,rs/wk////nu/nu,poison/panic/sleep/bind/sick:resist,,1,,s
wood,,rp/wk//rs//nu/nu,poison/panic/sleep/bind/sick:resist,,1,,s
herald,azrael,rs//rs/wk///nu/nu,poison/panic/sleep/bind/sick:resist,,1,,s
horde,deadly Divines,rs/rs/wk/nu/nu,poison/panic/sleep/bind/sick:resist,,3,4,s
herald,aniel,rs/rs/rs/rs/dr//nu/nu,poison/panic/sleep/bind/sick:resist,,1,,s
herald,seraph,rs/rs/////nu/nu,poison/panic/sleep/bind/sick:resist,,1,,s
undead,corpses,nu/wk/nu//rs/rs/nu,poison/panic/sleep/bind/sick:resist,,1,,s
fairy,,rs////rs//wk/wk,poison/panic/sleep/bind/sick:resist,,1,,s
horde,,,,,1,,s
horde,,,,,1,,s
horde,,,,,1,,s
horde,,,,,1,,s
horde,,,,,1,,s
ghost,dullahan,rs////wk//wk/nu,poison/panic/sleep/bind/sick:resist,,1,,s
jirae,kuebiko,//wk///dr/nu/nu,poison/panic/sleep/bind/sick:resist,,1,,s
holy,qing Nuigai,nu/rs,poison/panic/sleep/bind/sick:resist,,1,,s
lady,Xi Wangmu,rs/////wk/nu/nu,poison:null panic/sleep/bind/sick:resist,,2,,s
fallen,murmur,wk/wk/rp/rp/nu/nu,poison/panic/sleep/bind/sick:resist,,1,,s
fallen,gemori,dr/wk///nu/nu,poison/panic/sleep/bind/sick:resist,,1,,s
dragon,koga Saburo,rs/rs//wk/rs/rp/nu/nu,poison/panic/sleep/bind/sick:resist,,1,,s
famed,tenkai,rs/rs/rs/rs/rs/rs/nu/nu,poison/panic/sleep/bind/sick:resist,,1,,s
herald,mastema,rp/wk/rp/wk/rp/nu/nu,poison/panic/sleep/bind/sick:resist,,1,,s
jaki,,rs////wk/nu/nu,poison/panic/sleep/bind/sick:resist,,1,,s
femme,dakini,dr/wk///nu/nu,poison/panic/sleep/bind/sick:resist,,1,,s
jaki,girimekhala,rp/dr/////nu/nu,poison/panic/sleep/bind/sick:resist,,1,,s
vile,Yaso Magatsuhi,wk/rp/nu//nu/nu,poison/panic/sleep/bind/sick:resist,,1,,s
dragon,koga Saburo,rs/rs//wk/nu/rp/nu/nu,poison/panic/sleep/bind/sick:resist,,1,,s
amatsu,omoikane,rs/rs/wk/rs/rs/wk/nu/nu,poison/panic/sleep/bind/sick:resist,,1,,s
famed,michizane,wk/dr//nu/nu,poison/panic/sleep/bind/sick:resist,,1,,s
famed,yamato Takeru,rp//nu/nu,poison/sleep/bind/sick:resist,,2,,s
tyrant,lucifuge,rp////rp/nu/nu,poison/panic/sleep/bind/sick:resist,,1,,s
tyrant,belial,nu////nu/nu,poison/panic/sleep/bind/sick:resist,,1,,s
yoma,karasu Tengu,rp/wk/wk//nu/,poison/panic/sleep/bind/sick:resist,,1,,s
yoma,koppa Tengu,wk/rs/rs/,poison/panic/sleep/bind/sick:resist,,1,,s
fallen,Ose,rs,poison/panic/sleep/bind/sick:resist,,2,,s
night,kaiwan,wk////nu,poison/panic/sleep/bind/sick:resist,,1,,s
night,incubus,wk/rs//rs,poison/panic/sleep/bind/sick:resist,,1,,s
snake,orochi,nu/nu/wk//nu/nu,sick:resist poison/panic/sleep/bind:weak,,1,,s
famed,lanling Wang,rs//nu/nu,poison/panic/sleep/bind/sick:resist,,1,2,s
genma,kresnik,rs/////nu/,poison/panic/sleep/bind/sick:resist,,1,,s
genma,cu Chulainn,rs////wk/nu/rs/,poison/panic/sleep/bind/sick:resist,,1,2,s
Tyrant,Mara,dr//wk/dr//nu/nu,poison/panic/sleep/bind/sick:resist,,1,,s
avatar,barong,rs//////nu/rs,poison/panic/sleep/bind/sick:resist,,1,,s
femme,rangda,rp/rp///wk//nu/nu,poison/panic/sleep/bind/sick:resist,,1,,s
fury,shiva,rp//rp//rp//nu/nu,poison/panic/sleep/bind/sick:resist,,1,2,s
human,gaea Man,nu/nu,poison/panic/sleep/bind/sick:resist,,1,,s
brute,momunofu,rs/////wk/,poison/panic/sleep/bind/sick:weak,,1,,s
horde,mou-Ryo Horde,rs/nu//rp////nu,poison/panic/sleep/bind/sick:resist,,3,4,s
horde,Deceased Horde,wk////nu/nu,poison/panic/sleep/bind/sick:resist,,3,4,s
horde,harpy Horde,rs/wk/rs/rs/wk/rs/nu/nu,poison/panic/sleep/bind/sick:resist,,3,4,s
horde,,nu/nu,poison/panic/sleep/bind/sick:resist,,3,4,s
horde,pixie Horde,nu/nu,poison/panic/sleep/bind/sick:resist,,3,4,s
horde,frosts,rs/rp///nu/nu,poison/panic/sleep/bind/sick:resist,,3,4,s
horde,Anzu Horde,wk///dr/wk/nu/nu,poison/panic/sleep/bind/sick:resist,,3,4,s
horde,Middle 3rd Co.,rs/wk///nu/nu/rs,poison/panic/sleep/bind/sick:resist,,3,4,s
horde,herald Horde,rp/wk/nu/wk//nu/nu,poison/panic/sleep/bind/sick:resist,,3,4,s
horde,Lower 3rd Co.,wk///wk//nu/rs,poison/panic/sleep/bind/sick:resist,,3,4,s
Beast,Hsing-Hsing,rs///wk/rs/rs,poison/panic/sleep/bind/sick:resist,,1,,s
herald,azrael,rs//rs/wk///nu/nu,poison/panic/sleep/bind/sick:resist,,1,,s
megami,Tlazolteotl,dr///nu/nu,poison:null panic/sleep/bind/sick:resist,,1,,s
tyrant,loki,nu//rs//rs/rs/nu,poison/panic/sleep/bind/sick:resist,,1,2,s
drake,,wk/dr///nu/nu,poison/panic/sleep/bind/sick:resist,,1,,s
dragon,Illuyanka,rs//rs/rs/rs,Poison/panic/sick:resist sleep/bind:weak,,1,,s
yoma,master Therion,nu/nu///wk/nu,poison/panic/sleep/bind/sick:resist,,1,,s
Fury,kartikeya,nu/////nu/nu,poison/panic/sleep/bind/sick:resist,,1,,s
megami,izanami,wk/dr///nu/nu,poison/panic/sleep/bind/sick:null,,1,,s
jaki,hekatoncheires,rs/rs////wk/rs/rs,poison/panic/sleep/bind/sick:resist,,1,3,s
dragon,zhu yin,nu//nu/rs/nu,panic/sleep:null poison/bind/sick:resist,,1,,s
jaki,girimekhala,rp/dr///wk/wk/wk/nu,poison/panic/sleep/bind/sick:resist,,1,,s
wilder,catoblepas,rs//////wk/rs,poison/panic/sleep/bind/sick:resist,,1,,s
wilder,cabracan,nu///wk/rs/rs,poison/panic/sleep/bind/sick:resist,,1,,s
snake,ananta,nu/nu/wk/nu/rs,poison/panic/sleep/bind/sick:resist,,1,3,s
fiend,white Rider,dr/wk/nu/nu,poison/panic/sleep/bind/sick:null,,1,,s
fiend,red Rider,rp/wk///nu/nu,poison/panic/sleep/bind/sick:null,,1,,s
fiend,black Rider,wk/dr///nu/nu,poison/panic/sleep/bind/sick:null,,1,,s
fiend,pale Rider,rs/wk/rp/nu/nu,poison/panic/sleep/bind/sick:null,,1,,s
drake,ym,wk//rs/nu,poison/panic/sleep/bind/sick:resist,,1,,s
human,red Knight,rp//nu/nu,poison/panic/sleep/bind/sick:resist,,1,,s
deity,baal,dr//nu/rs,poison/panic/sleep/bind/sick:resist,,1,,s
vile,baphomet,nu//wk/nu,poison/panic/sleep/bind/sick:resist,,1,,s
vile,pales,wk/nu///nu/nu,poison/panic/sleep/bind/sick:resist,,1,,s
reaper,cernunnos,rs////rp/wk/nu/nu,poison/panic/sleep/bind/sick:resist,,1,,s
drake,,wk/nu/nu//wk/rs,poison/panic/sleep/bind/sick:resist,,1,,s
human,red Knight,rp//nu/nu,poison/panic/sleep/bind/sick:resist,,1,,s
tyrant,beelzebub,dr/////nu/nu,poison/panic/sleep/bind/sick:null,,1,,s
jaki,,rs//wk////rs/rs,poison/panic/sleep/bind/sick:resist,,1,,s
herald,,wk/nu///nu/nu,poison/panic/sleep/bind/sick:resist,,1,,s
kishin,zouchouten,nu/wk///nu/nu,poison/panic/sleep/bind/sick:resist,,1,,s
kishin,jikokuten,wk/nu/nu/nu,poison/panic/sleep/bind/sick:resist,,1,,s
kishin,koumokuten,nu//nu/nu,poison/panic/sleep/bind/sick:resist,,1,,s
kishin,bishamonten,wk/nu///nu/nu,poison/panic/sleep/bind/sick:resist,,1,,s
kishin,zouchouten,nu/wk///nu/nu,poison/panic/sleep/bind/sick:resist,,1,,s
kishin,jikokuten,wk/nu/nu/nu,poison/panic/sleep/bind/sick:resist,,1,,s
kishin,koumokuten,nu//nu/nu,poison/panic/sleep/bind/sick:resist,,1,,s
kishin,bishamonten,wk/nu///nu/nu,poison/panic/sleep/bind/sick:resist,,1,,s
tyrant,azazel,rp/wk//rp/nu/nu,poison/panic/sleep/bind/sick:null,,1,,s
,,,,,1,,s
herald,mastema,rp//rp/wk/rp/nu/nu,poison/panic/sleep/bind/sick:null,,1,,s
vile,alciel,wk/wk/nu/nu/nu/nu/wk/nu,poison/panic/sleep/bind/sick:resist,,1,,s
wood,erlkonig,rp/wk//rs//nu/nu,poison/panic/sleep/bind/sick:resist,,1,,s
raptor,hresvelgr,wk/wk/rp//rp/rs/rs,poison/panic/sleep/bind/sick:resist,,1,,s
herald,sraosha,rs/rs/wk/nu/nu,poison/panic/sleep/bind/sick:resist,,1,,s
vile,demiurge,rs/rs/rs/rs/nu/nu,poison/panic/sleep/bind/sick:null,,1,,s
fiend,mother Harlot,nu////dr/wk/nu/nu,poison/panic/sleep/bind/sick:null,,1,3,s
lady,asherah,rp/wk/rs/rp/nu/nu,poison/panic/sleep/bind/sick:null,,1,,s
ghost,ghoul,wk////wk/nu,poison/panic/sleep/bind/sick:resist,,1,,s
ghost,,wk////nu/nu,poison/panic/sleep/bind/sick:resist,,1,,s
horde,innocent Horde,rs/wk/wk/rs/wk/,,,3,4,s
horde,,//wk/wk/wk/,,,3,4,s
horde,,///wk//rs/,,,3,4,s
horde,element Horde,rs/rs/rs/rs/nu/nu,,,3,4,s
horde,,,,,3,4,s
horde,,,,,3,4,s
horde,,,,,3,4,s
horde,,,,,3,4,s
horde,,,,,3,4,s
horde,,,,,3,4,s
,,rs,,,1,,s
fiend,trumpeter,wk/rs/rs/rs/rs/nu/nu,poison/panic/sleep/bind/sick:null,,1,,s
fiend,pale Rider,rs/wk/rp/nu/nu,poison/panic/sleep/bind/sick:null,,1,,s
fiend,black Rider,wk/dr///nu/nu,poison/panic/sleep/bind/sick:null,,1,,s
fiend,red Rider,rp/wk///nu/nu,poison/panic/sleep/bind/sick:null,,1,,s
fiend,white Rider,dr/wk/nu/nu,poison/panic/sleep/bind/sick:null,,1,,s
fiend,chemtrail,rs/nu,poison/panic/sleep/bind/sick:null,,1,,s
fiend,matador,rs/rs///wk//rs/nu,poison/panic/sleep/bind/sick:null,,1,2,s
,,,,,1,,s
,,/////rs/,,,1,,s
tyrant,lucifer (stage 2),nu/nu,poison/panic/sleep/bind/sick:null,,1,,s
tyrant,lucifer (stage 2),nu/nu,poison/panic/sleep/bind/sick:null,,1,,s
herald,merkabah (stage 2),nu/nu,poison/panic/sleep/bind/sick:null,,1,,s
herald,merkabah (stage 2),nu/nu,poison/panic/sleep/bind/sick:null,,1,,s
,,,,,1,,s
,,,,,1,,s
,,,,,1,,s
,,,,,1,,s
,,,,,1,,s
,,,,,1,,s
jaki,ippon-Datara,rs/rs/nu////wk/,poison:weak,,1,,s
jaki,girimekhala,rp/dr///wk/wk/wk/nu,,,1,,s
brute,oni,,panic/sleep/bind:weak,,1,,s
fallen,dantalian,rs/rs/wk/nu//rs,,,1,,s
avian,phoenix,dr/wk///rs/rs,,,1,,s
fairy,jack Frost,rs/rs/wk/dr/,,,1,,s
wilder,raiju,/nu///rp/wk/,,,1,,s
drake,toubyou,,poison:null sick:resist sleep:weak,,3,,s
fairy,pyro Jack,rs/rs/rp/wk/,,,1,,s
fairy,jack Frost,rs/rs/wk/dr/,,,1,,s
foul,jack the Ripper,rs/rs/rp/rp///rs/,,,1,,s
fairy,demonee-ho,dr/dr/dr/dr/dr/dr/nu/nu,poison/panic/sleep/bind/sick:null,gun,1,,s
horde,demonstrators,rp///rp///nu,bind/sick:null,,4,,s
famed,lanling Wang,rs////rs/rs/nu/nu,poison:weak,,2,,s
fairy,pyro Jack,rs/rs/rp/wk/,,,1,,s
fairy,jack Frost,rs/rs/wk/dr/,,,1,,s
fairy,jack the Ripper,rs/rs/rp/rp///rs/,,,1,,s
beast,hairy Jack,rs/rs/////wk/rs,bind:weak,,1,,s
fairy,pyro Jack,//rp/wk/,,,1,,s
lady,dzelarhons,rp/wk////nu,,,1,,s
raptor,zhen,rs,poison/sick:null,,2,,s
fairy,spriggan,rs//wk/wk,,,1,,s
element,flaemis,dr/wk///nu/nu,,,1,,s
element,aquans,wk/dr///nu/nu,,,1,,s
element,aeros,wk/dr/nu/nu,,,1,,s
beast,kaso,//nu/wk/,,,1,,s
snake,naga,//wk/nu/rs/,bind:resist,,1,,s
amatsu,Ame no Uzume,/wk///wk//nu/,,,1,,s
foul,Tattooed Man,nu/rs,,,1,,s
reaper,Hel,wk/rp////nu,,,1,,s
fairy,pixie,/////nu/,panic:weak,,1,,s
vile,baphomet,wk/nu,,,1,,s
foul,hooligan,,,gun,2,,s
divine,virtue,wk/rp/nu/wk,,,2,,s
vile,taotie,rp/rp/wk/wk/wk/wk//nu,,,1,,s
element,gnome,rp/wk/nu/nu,,,1,,s
enigma,kanbari,wk/nu/////nu/wk,bind:weak,,1,,s
element,undine,wk/rp//rs/nu/nu,,,1,,s
element,salamander,rp/wk///nu/nu,,,1,,s
kishin,zhong Kui,wk/nu/rs,poison/sick:null,,1,,s
genma,nata Taishi,rs/rs/////rs/rs,poison:resist,,1,,s
tyrant,samyaza,rs/rs////wk//nu,,,1,,s
femme,dakini,rs/rs/dr/wk///rs/rs,,,2,,s
fairy,nadja,//////nu/,,,1,,s
kunitsu,kushinada-hime,nu/wk,bind:weak,,1,,s
divine,principality,wk/////nu/wk,,,1,,s
divine,power,wk/nu/wk,,,1,,s
brute,momunofu,rs/////wk/,poison/panic/sleep/bind/sick:weak,,1,,s
kunitsu,okuninushi,wk///wk/wk,,,1,,s
foul,mad gasser,wk/rs,poison/panic/sleep/bind/sick:resist,,1,,s
tyrant,,dr/dr/wk///nu/nu,poison/panic/sleep/bind/sick:resist,,2,4,s
king,,wk///wk/nu/nu,poison/panic/sleep/bind/sick:resist,,1,,a
cyber,,nu/nu,poison/panic/sleep/bind/sick:resist,,1,,s
archaic,,nu/nu,poison/panic/sleep/bind/sick:resist,,1,,s
archaic,,nu/nu,poison/panic/sleep/bind/sick:resist,,1,,s
archaic,,nu/nu,poison/panic/sleep/bind/sick:resist,,1,,s
archaic,,nu/nu,poison/panic/sleep/bind/sick:resist,,1,,s
herald,merkabah (stage 1),nu/nu,poison/panic/sleep/bind/sick:resist,,1,,s
tree,masakado,,,,1,,s
tree,Strange Journey,,,,1,,s
tree,Brass Bull,,,,1,,s
tree,Strange Journey Hero,/////rs/,,,1,,s
tree,Man in Black,,,,1,,s
tree,Unleashed,,,,1,,s
tree,Puss in Boots,,,,1,,s
tree,Walter,,,,1,,s
Tree,Jonathan,,,,1,,s
tree,Walter,,,,1,,s
Tree,Jonathan,,,,1,,s
tree,,,,,1,,s
tree,,,,,1,,s
tree,,,,,1,,s
tree,merkabah (stage 2),,,,1,,s
tree,lucifer (stage 2),,,,1,,s
tree,michael,,,,1,,s
tree,gabriel,,,,1,,s
tree,raphael,,,,1,,s
tree,uriel,,,,1,,s
tree,masakado,,,,1,,s
tree,Pedo in White Cloth Robe,,,,1,,s
tree,Asterius,,,,1,,s
tree,Aeshma,,,,1,,s
tree,Ancient of Days,,,,1,,s
tree,Sanat,,,,1,,s
tree,Hikari,,,,1,,s
tree,Walter Lucifer,,,,1,,s
tree,,,,,1,,s
tree,,,,,1,,s
tree,,,,,1,,s
tree,,,,,1,,s
tree,,,,,1,,s
tree,,,,,1,,s
tree,,,,,1,,s
tree,,,,,1,,s
tree,,,,,1,,s
tree,,,,,1,,s
tree,,,,,1,,s
tree,,,,,1,,s
tree,,,,,1,,s
tree,,,,,1,,s
Herald,Uriel,rp//rp/wk/nu/nu,poison/panic/sleep/bind/sick:resist,,1,,s
Herald,Raphael,wk/rp//rp/nu/nu,poison/panic/sleep/bind/sick:resist,,1,,s
Herald,Gabriel,rp/wk/rp/nu/nu,poison/panic/sleep/bind/sick:resist,,1,,s
Herald,Michael,rp/wk/rp//nu/nu,poison/panic/sleep/bind/sick:resist,,1,,s
???,Asterius,,,,1,,s
???,Oread,,,,1,,s
???,Plasma,,,,1,,s
Tyrant,,,,,1,,s
Fury,Masakado,dr/dr/dr/dr/dr/dr/nu/nu,poison/panic/sleep/bind/sick:null,,1,,s
godly,Ancient of Days,wk/rs/nu/nu,poison/panic/sleep/bind/sick:null,,1,,s
chaos,sanat,nu/wk/nu/nu/nu/nu/nu/nu,poison/panic/sleep/bind/sick:null,,1,,s
???,,,,,1,,s
Mitama,Ari Mitama,rs/rs/rp/rs/rs/rs/nu/nu,poison/panic/sleep/sick:null,,1,,s
Mitama,nigi Mitama,rs/rs/rs/dr/rs/rs/nu/nu,poison/sleep/bind/sick:null,,1,,s
Mitama,Kusi Mitama,rs/rs/rs/rs/rs/nu/nu/nu,poison/panic/Bind/sick:null,,1,,s
Mitama,saki Mitama,rs/rs/rs/rs/nu/rs/nu/nu,panic/sleep/bind/sick:null,,1,,s
???,koga Saburo,,,,1,,s
???,tenkai,,,,1,,s
???,yaso Magatsuhi,,,,1,,s
???,omoikane,,,,1,,s
???,michizane,,,,1,,s
???,Yamato Takeru,,,,2,,s
???,Minotaur,,,,1,,s
???,Medusa,,,,1,,s